Handle;Title;Option1 Name;Option1 Value (Material);Option2 Name;Option2 Value (Farbe);Option3 Name;Option3 Value (Marke);SKU;Qty;Spalte1;Spalte2;Spalte3;;;
pla-175;PLA Filament 1.75mm;Material;PLA;Farbe;weiß;Marke;Geetech;GEE-PLA-WE;13;;;;;;
pla-175;PLA Filament 1.75mm;Material;PLA;Farbe;schwarz;Marke;Geetech;GEE-PLA-SW;5;;;;;;
pla-175;PLA Filament 1.75mm;Material;PLA;Farbe;rot;Marke;Geetech;GEE-PLA-RO;3;;;;;;
pla-175;PLA Filament 1.75mm;Material;PLA;Farbe;gelb;Marke;Geetech;GEE-PLA-GE;8;;;;;;
pla-175;PLA Filament 1.75mm;Material;PLA;Farbe;grün;Marke;Geetech;GEE-PLA-GRÜ;10;;;;;;
pla-175;PLA Filament 1.75mm;Material;PLA;Farbe;apfel grün;Marke;Geetech;GEE-PLA-AGRÜ;0;;;;;;
pla-175;PLA Filament 1.75mm;Material;PLA;Farbe;orange;Marke;Geetech;GEE-PLA-OR;4;;;;;;
pla-175;PLA Filament 1.75mm;Material;PLA;Farbe;blau;Marke;Geetech;GEE-PLA-BL;9;;;;;;
pla-175;PLA Filament 1.75mm;Material;PLA;Farbe;hellblau;Marke;Geetech;GEE-PLA-HB;3;;;;;;
pla-175;PLA Filament 1.75mm;Material;PLA;Farbe;lila;Marke;Geetech;GEE-PLA-LI;6;;;;;;
pla-175;PLA Filament 1.75mm;Material;PLA;Farbe;pink;Marke;Geetech;GEE-PLA-PI;5;;;;;;
pla-175;PLA Filament 1.75mm;Material;PLA;Farbe;grau;Marke;Geetech;GEE-PLA-GR;6;;;;;;
pla-175;PLA Filament 1.75mm;Material;PLA;Farbe;braun;Marke;Geetech;GEE-PLA-BR;4;;;;;;
pla-175;PLA Filament 1.75mm;Material;PLA;Farbe;transparent;Marke;Geetech;GEE-PLA-TR;5;;;;;;
pla-175;PLA Filament 1.75mm;Material;PLA;Farbe;silber;Marke;Geetech;GEE-PLA-SI;4;;;;;;
pla-175;PLA Filament 1.75mm;Material;PLA;Farbe;regenbogen farbe;Marke;Geetech;GEE-PLA-RG;8;;;;;;
pla-175;PLA Filament 1.75mm;Material;PLA;Farbe;sand gold;Marke;Geetech;GEE-PLA-SG;2;;;;;;
pla-175;PLA Filament 1.75mm;Material;PLA;Farbe;beige;Marke;Geetech;GEE-PLA-BE;8;;;;;;
pla-175;PLA Filament 1.75mm;Material;PLA;Farbe;bone white;Marke;Geetech;GEE-PLA-BW;6;;;;;;
pla-175;PLA Filament 1.75mm;Material;PLA;Farbe;sparkly blau;Marke;Geetech;GEE-PLA-SBL;3;;;;;;
pla-175;PLA Filament 1.75mm;Material;PLA;Farbe;sparkly lila;Marke;Geetech;GEE-PLA-SGR;2;;;;;;
pla-175;PLA Filament 1.75mm;Material;PLA;Farbe;sparkly silber;Marke;Geetech;GEE-PLA-SSI;2;;;;;;
pla-175;PLA Filament 1.75mm;Material;PLA;Farbe;skin;Marke;Geetech;GEE-PLA-SK;0;;;;;;
;;;;;;;;;;;;;;;
pla-175;PLA Filament 1.75mm;Material;PLA;Farbe;weiß;Marke;Colido;COL-PLA-WE;9;;;;;;
pla-175;PLA Filament 1.75mm;Material;PLA;Farbe;schwarz;Marke;Colido;COL-PLA-SW;22;;;;;;
pla-175;PLA Filament 1.75mm;Material;PLA;Farbe;rot;Marke;Colido;COL-PLA-RO;7;;;;;;
pla-175;PLA Filament 1.75mm;Material;PLA;Farbe;gelb;Marke;Colido;COL-PLA-GE;8;;;;;;
pla-175;PLA Filament 1.75mm;Material;PLA;Farbe;grün;Marke;Colido;COL-PLA-GRÜ;8;;;;;;
pla-175;PLA Filament 1.75mm;Material;PLA;Farbe;grass grün;Marke;Colido;COL-PLA-GGRÜ;0;;;;;;
pla-175;PLA Filament 1.75mm;Material;PLA;Farbe;mint grün;Marke;Colido;COL-PLA-MGRÜ;5;;;;;;
pla-175;PLA Filament 1.75mm;Material;PLA;Farbe;light green;Marke;Colido;COL-PLA-LIGRÜ;5;;;;;;
pla-175;PLA Filament 1.75mm;Material;PLA;Farbe;lake green;Marke;Colido;COL-PLA-LAGRÜ;3;;;;;;
pla-175;PLA Filament 1.75mm;Material;PLA;Farbe;army green;Marke;Colido;COL-PLA-ARGRÜ;7;;;;;;
pla-175;PLA Filament 1.75mm;Material;PLA;Farbe;dark green;Marke;Colido;COL-PLA-DGRÜ;0;;;;;;
pla-175;PLA Filament 1.75mm;Material;PLA;Farbe;orange;Marke;Colido;COL-PLA-OR;5;;;;;;
pla-175;PLA Filament 1.75mm;Material;PLA;Farbe;blau;Marke;Colido;COL-PLA-BL;13;;;;;;
pla-175;PLA Filament 1.75mm;Material;PLA;Farbe;cyan;Marke;Colido;COL-PLA-CY;5;;;;;;
pla-175;PLA Filament 1.75mm;Material;PLA;Farbe;fuchsia;Marke;Colido;COL-PLA-FU;4;;;;;;
pla-175;PLA Filament 1.75mm;Material;PLA;Farbe;lila;Marke;Colido;COL-PLA-LI;9;;;;;;
pla-175;PLA Filament 1.75mm;Material;PLA;Farbe;pink;Marke;Colido;COL-PLA-PI;11;;;;;;
pla-175;PLA Filament 1.75mm;Material;PLA;Farbe;grau;Marke;Colido;COL-PLA-GR;6;;;;;;
pla-175;PLA Filament 1.75mm;Material;PLA;Farbe;dunkel grau;Marke;Colido;COL-PLA-DGR;0;;;;;;
pla-175;PLA Filament 1.75mm;Material;PLA;Farbe;braun;Marke;Colido;COL-PLA-BR;5;;;;;;
pla-175;PLA Filament 1.75mm;Material;PLA;Farbe;silber;Marke;Colido;COL-PLA-SI;0;;;;;;
pla-175;PLA Filament 1.75mm;Material;PLA;Farbe;gold;Marke;Colido;COL-PLA-GO;5;;;;;;
pla-175;PLA Filament 1.75mm;Material;PLA;Farbe;skin;Marke;Colido;COL-PLA-SK;6;;;;;;
pla-175;PLA Filament 1.75mm;Material;PLA;Farbe;transparent blau;Marke;Colido;COL-PLA-TBL;3;;;;;;
pla-175;PLA Filament 1.75mm;Material;PLA;Farbe;transparent rot;Marke;Colido;COL-PLA-TRO;4;;;;;;
pla-175;PLA Filament 1.75mm;Material;PLA;Farbe;transparent gelb;Marke;Colido;COL-PLA-TGE;3;;;;;;
pla-175;PLA Filament 1.75mm;Material;PLA;Farbe;transparent grün;Marke;Colido;COL-PLA-TGR;3;;;;;;
pla-175;PLA Filament 1.75mm;Material;PLA;Farbe;navy blue;Marke;Colido;COL-PLA-NB;0;;;;;;
;;;;;;;;;;;;;;;
pla-175;PLA Filament 1.75mm;Material;PLA;Farbe;grün;Marke;Sunlu;SUN-PLA-GRÜ;0;4;;;;;
;;;;;;;;;;;;;;;
petg-175;PETG Filament 1.75mm;Material;PETG;Farbe;weiß;Marke;Geetech;GEE-PETG-WE;17;;;;;;
petg-175;PETG Filament 1.75mm;Material;PETG;Farbe;schwarz;Marke;Geetech;GEE-PETG-SW;15;;;;;;
petg-175;PETG Filament 1.75mm;Material;PETG;Farbe;rot;Marke;Geetech;GEE-PETG-RO;10;;;;;;
petg-175;PETG Filament 1.75mm;Material;PETG;Farbe;gelb;Marke;Geetech;GEE-PETG-GE;7;;;;;;
petg-175;PETG Filament 1.75mm;Material;PETG;Farbe;grün;Marke;Geetech;GEE-PETG-GRÜ;9;;;;;;
petg-175;PETG Filament 1.75mm;Material;PETG;Farbe;apfel grün;Marke;Geetech;GEE-PETG-AGRÜ;4;;;;;;
petg-175;PETG Filament 1.75mm;Material;PETG;Farbe;orange;Marke;Geetech;GEE-PETG-OR;3;;;;;;
petg-175;PETG Filament 1.75mm;Material;PETG;Farbe;blau;Marke;Geetech;GEE-PETG-BL;9;;;;;;
petg-175;PETG Filament 1.75mm;Material;PETG;Farbe;hell blau;Marke;Geetech;GEE-PETG-HB;10;;;;;;
petg-175;PETG Filament 1.75mm;Material;PETG;Farbe;lila;Marke;Geetech;GEE-PETG-LI;4;;;;;;
petg-175;PETG Filament 1.75mm;Material;PETG;Farbe;pink;Marke;Geetech;GEE-PETG-PI;9;;;;;;
petg-175;PETG Filament 1.75mm;Material;PETG;Farbe;grau;Marke;Geetech;GEE-PETG-GR;11;;;;;;
petg-175;PETG Filament 1.75mm;Material;PETG;Farbe;braun;Marke;Geetech;GEE-PETG-BR;6;;;;;;
petg-175;PETG Filament 1.75mm;Material;PETG;Farbe;transparent;Marke;Geetech;GEE-PETG-TR;0;;;;;;
petg-175;PETG Filament 1.75mm;Material;PETG;Farbe;silber;Marke;Geetech;GEE-PETG-SI;5;;;;;;
petg-175;PETG Filament 1.75mm;Material;PETG;Farbe;skin;Marke;Geetech;GEE-PETG-SK;6;;;;;;
petg-175;PETG Filament 1.75mm;Material;PETG;Farbe;metallic braun;Marke;Geetech;GEE-PETG-MBR;5;;;;;;
petg-175;PETG Filament 1.75mm;Material;PETG;Farbe;metallic grün;Marke;Geetech;GEE-PETG-MGRÜ;4;;;;;;
petg-175;PETG Filament 1.75mm;Material;PETG;Farbe;metallic pink;Marke;Geetech;GEE-PETG-MPI;4;;;;;;
;;Material;PETG;Farbe;metallic silber;Marke;Geetech;GEE-PETG-MSI;5;;;;;;
;;;;;;;;;;;;;;;
petg-175;PETG Filament 1.75mm;Material;PETG;Farbe;weiß;Marke;Colido;COL-PETG-WE;1;;;;;;
petg-175;PETG Filament 1.75mm;Material;PETG;Farbe;schwarz;Marke;Colido;COL-PETG-SW;0;;;;;;
petg-175;PETG Filament 1.75mm;Material;PETG;Farbe;rot;Marke;Colido;COL-PETG-RO;2;;;;;;
petg-175;PETG Filament 1.75mm;Material;PETG;Farbe;gelb;Marke;Colido;COL-PETG-GE;0;;;;;;
petg-175;PETG Filament 1.75mm;Material;PETG;Farbe;grün;Marke;Colido;COL-PETG-GRÜ;2;;;;;;
petg-175;PETG Filament 1.75mm;Material;PETG;Farbe;orange;Marke;Colido;COL-PETG-OR;1;;;;;;
petg-175;PETG Filament 1.75mm;Material;PETG;Farbe;blau;Marke;Colido;COL-PETG-BL;0;;;;;;
petg-175;PETG Filament 1.75mm;Material;PETG;Farbe;cyan;Marke;Colido;COL-PETG-CY;8;;;;;;
petg-175;PETG Filament 1.75mm;Material;PETG;Farbe;fuchsia;Marke;Colido;COL-PETG-FU;0;;;;;;
petg-175;PETG Filament 1.75mm;Material;PETG;Farbe;lila;Marke;Colido;COL-PETG-LI;3;;;;;;
petg-175;PETG Filament 1.75mm;Material;PETG;Farbe;sakura pink;Marke;Colido;COL-PETG-PI;2;;;;;;
petg-175;PETG Filament 1.75mm;Material;PETG;Farbe;grau;Marke;Colido;COL-PETG-GR;0;;;;;;
petg-175;PETG Filament 1.75mm;Material;PETG;Farbe;dunkel grau;Marke;Colido;COL-PETG-DGR;7;;;;;;
petg-175;PETG Filament 1.75mm;Material;PETG;Farbe;braun;Marke;Colido;COL-PETG-BR;1;;;;;;
petg-175;PETG Filament 1.75mm;Material;PETG;Farbe;wood;Marke;Colido;COL-PETG-WO;5;;;;;;
petg-175;PETG Filament 1.75mm;Material;PETG;Farbe;regenbogen farbe;Marke;Colido;COL-PETG-RG;0;;;;;;
petg-175;PETG Filament 1.75mm;Material;PETG;Farbe;gold;Marke;Colido;COL-PETG-GO;0;;;;;;
petg-175;PETG Filament 1.75mm;Material;PETG;Farbe;transparent blau;Marke;Colido;COL-PETG-TBL;0;;;;;;
petg-175;PETG Filament 1.75mm;Material;PETG;Farbe;transparent rot;Marke;Colido;COL-PETG-TRO;0;;;;;;
petg-175;PETG Filament 1.75mm;Material;PETG;Farbe;bronze;Marke;Colido;COL-PETG-BO;6;;;;;;
petg-175;PETG Filament 1.75mm;Material;PETG;Farbe;cosmi;Marke;Colido;COL-PETG-CO;0;;;;;;
;;;;;;;;;;;;;;;
petg-hs-175;PETG HS Matt Filament 1.75mm;Material;PETG HS Matt;Farbe;hellblau;Marke;Jayoo;JAY-PETG-HS-RO;0;;1;;;;
petg-hs-175;PETG HS Matt Filament 1.75mm;Material;PETG HS Matt;Farbe;grün;Marke;Jayoo;JAY-PETG-HS-OR;0;;1;;;;
petg-hs-175;PETG HS Matt Filament 1.75mm;Material;PETG HS Matt;Farbe;rot;Marke;Jayoo;JAY-PETG-HS-SW;0;;1;;;;
petg-hs-175;PETG HS Matt Filament 1.75mm;Material;PETG HS Matt;Farbe;blau;Marke;Jayoo;JAY-PETG-HS-WE;0;;1;;;;
petg-hs-175;PETG HS Matt Filament 1.75mm;Material;PETG HS Matt;Farbe;grau;Marke;Jayoo;JAY-PETG-HS-GRÜ;0;;0;;;;
;;;;;;;;;;;;;;;
tpu-175;TPU Filament 1.75mm;Material;TPU;Farbe;weiß;Marke;Geetech;GEE-TPU-WE;7;;;;;;
tpu-175;TPU Filament 1.75mm;Material;TPU;Farbe;schwarz;Marke;Geetech;GEE-TPU-SW;6;;;;;;
tpu-175;TPU Filament 1.75mm;Material;TPU;Farbe;rot;Marke;Geetech;GEE-TPU-RO;6;;;;;;
tpu-175;TPU Filament 1.75mm;Material;TPU;Farbe;gelb;Marke;Geetech;GEE-TPU-GE;0;;;;;;
tpu-175;TPU Filament 1.75mm;Material;TPU;Farbe;grün;Marke;Geetech;GEE-TPU-GRÜ;4;;;;;;
tpu-175;TPU Filament 1.75mm;Material;TPU;Farbe;orange;Marke;Geetech;GEE-TPU-OR;4;;;;;;
tpu-175;TPU Filament 1.75mm;Material;TPU;Farbe;blau;Marke;Geetech;GEE-TPU-BL;4;;;;;;
tpu-175;TPU Filament 1.75mm;Material;TPU;Farbe;lila;Marke;Geetech;GEE-TPU-LI;3;;;;;;
tpu-175;TPU Filament 1.75mm;Material;TPU;Farbe;pink;Marke;Geetech;GEE-TPU-PI;4;;;;;;
tpu-175;TPU Filament 1.75mm;Material;TPU;Farbe;grau;Marke;Geetech;GEE-TPU-GR;3;;;;;;
tpu-175;TPU Filament 1.75mm;Material;TPU;Farbe;braun;Marke;Geetech;GEE-TPU-BR;2;;;;;;
tpu-175;TPU Filament 1.75mm;Material;TPU;Farbe;transparent;Marke;Geetech;GEE-TPU-TR;4;;;;;;
tpu-175;TPU Filament 1.75mm;Material;TPU;Farbe;transparent blau;Marke;Geetech;GEE-TPU-TBL;1;;;;;;
tpu-175;TPU Filament 1.75mm;Material;TPU;Farbe;transparent orange;Marke;Geetech;GEE-TPU-TOR;0;;;;;;
;;;;;;;;;;;;;;;
abs-175;ABS+ Filament 1.75mm;Material;ABS;Farbe;weiß;Marke;Geetech;GEE-ABS-WE;0;;;;;;
abs-175;ABS+ Filament 1.75mm;Material;ABS;Farbe;schwarz;Marke;Geetech;GEE-ABS-SW;9;;;;;;
abs-175;ABS+ Filament 1.75mm;Material;ABS;Farbe;rot;Marke;Geetech;GEE-ABS-RO;4;;;;;;
abs-175;ABS+ Filament 1.75mm;Material;ABS;Farbe;gelb;Marke;Geetech;GEE-ABS-GE;3;;;;;;
abs-175;ABS+ Filament 1.75mm;Material;ABS;Farbe;grün;Marke;Geetech;GEE-ABS-GRÜ;4;;;;;;
abs-175;ABS+ Filament 1.75mm;Material;ABS;Farbe;orange;Marke;Geetech;GEE-ABS-OR;1;;;;;;
abs-175;ABS+ Filament 1.75mm;Material;ABS;Farbe;blau;Marke;Geetech;GEE-ABS-BL;1;;;;;;
abs-175;ABS+ Filament 1.75mm;Material;ABS;Farbe;hellblau;Marke;Geetech;GEE-ABS-HB;6;;;;;;
abs-175;ABS+ Filament 1.75mm;Material;ABS;Farbe;lila;Marke;Geetech;GEE-ABS-LI;1;;;;;;
abs-175;ABS+ Filament 1.75mm;Material;ABS;Farbe;pink;Marke;Geetech;GEE-ABS-PI;2;;;;;;
abs-175;ABS+ Filament 1.75mm;Material;ABS;Farbe;silber;Marke;Geetech;GEE-ABS-SI;0;;;;;;
abs-175;ABS+ Filament 1.75mm;Material;ABS;Farbe;braun;Marke;Geetech;GEE-ABS-BR;0;;;;;;
abs-175;ABS+ Filament 1.75mm;Material;ABS;Farbe;apfel grün;Marke;Geetech;GEE-ABS-AGRÜ;1;;;;;;
abs-175;ABS+ Filament 1.75mm;Material;ABS;Farbe;grau;Marke;Geetech;GEE-ABS-GR;2;;;;;;
;;;;;;;;;;;;;;;
pla-silk-175;PLA Silk Filament 1.75mm;Material;SILK PLA;Farbe;regenbogen farbe;Marke;Geetech;GEE-PLA-SI-RG;2;;;;;;
pla-silk-175;PLA Silk Filament 1.75mm;Material;SILK PLA;Farbe;regenbogen farbe light;Marke;Geetech;GEE-PLA-SI-RGL;0;;;;;;
pla-silk-175;PLA Silk Filament 1.75mm;Material;SILK PLA;Farbe;gelb;Marke;Geetech;GEE-PLA-SI-GE;3;;;;;;
pla-silk-175;PLA Silk Filament 1.75mm;Material;SILK PLA;Farbe;weiß;Marke;Geetech;GEE-PLA-SI-WE;3;;;;;;
pla-silk-175;PLA Silk Filament 1.75mm;Material;SILK PLA;Farbe;schwarz;Marke;Geetech;GEE-PLA-SI-SW;2;;;;;;
pla-silk-175;PLA Silk Filament 1.75mm;Material;SILK PLA;Farbe;grün;Marke;Geetech;GEE-PLA-SI-GRÜ;3;;;;;;
pla-silk-175;PLA Silk Filament 1.75mm;Material;SILK PLA;Farbe;gold;Marke;Geetech;GEE-PLA-SI-GO;14;;;;;;
pla-silk-175;PLA Silk Filament 1.75mm;Material;SILK PLA;Farbe;hellblau;Marke;Geetech;GEE-PLA-SI-HB;3;;;;;;
pla-silk-175;PLA Silk Filament 1.75mm;Material;SILK PLA;Farbe;blau;Marke;Geetech;GEE-PLA-SI-BL;3;;;;;;
pla-silk-175;PLA Silk Filament 1.75mm;Material;SILK PLA;Farbe;lila;Marke;Geetech;GEE-PLA-SI-LI;3;;;;;;
pla-silk-175;PLA Silk Filament 1.75mm;Material;SILK PLA;Farbe;magenta;Marke;Geetech;GEE-PLA-SI-MA;5;;;;;;
pla-silk-175;PLA Silk Filament 1.75mm;Material;SILK PLA;Farbe;silber;Marke;Geetech;GEE-PLA-SI-SI;4;;;;;;
pla-silk-175;PLA Silk Filament 1.75mm;Material;SILK PLA;Farbe;kupfer ;Marke;Geetech;GEE-PLA-SI-KU;3;;;;;;
pla-silk-175;PLA Silk Filament 1.75mm;Material;SILK PLA;Farbe;bronze;Marke;Geetech;GEE-PLA-SI-BO;2;;;;;;
pla-silk-175;PLA Silk Filament 1.75mm;Material;SILK PLA;Farbe;dunkel grün;Marke;Geetech;GEE-PLA-SI-DGRÜ;2;;;;;;
;;;;;;;;;;;;;;;
pla-silk-175;PLA Silk Filament 1.75mm;Material;SILK PLA;Farbe;gold + schwarz;Marke;Geetech;GEE-PLA-2GOSW;0;;;;;;
pla-silk-175;PLA Silk Filament 1.75mm;Material;SILK PLA;Farbe;grün + rot;Marke;Geetech;GEE-PLA-2GRÜRO;2;;;;;;
pla-silk-175;PLA Silk Filament 1.75mm;Material;SILK PLA;Farbe;blau + grün;Marke;Geetech;GEE-PLA-2BLGRÜ;2;;;;;;
pla-silk-175;PLA Silk Filament 1.75mm;Material;SILK PLA;Farbe;gelb + grün;Marke;Geetech;GEE-PLA-2GEGRÜ;2;;;;;;
pla-silk-175;PLA Silk Filament 1.75mm;Material;SILK PLA;Farbe;gold + rot;Marke;Geetech;GEE-PLA-2GORO;2;;;;;;
pla-silk-175;PLA Silk Filament 1.75mm;Material;SILK PLA;Farbe;gold + lila;Marke;Geetech;GEE-PLA-2GOLI;2;;;;;;
pla-silk-175;PLA Silk Filament 1.75mm;Material;SILK PLA;Farbe;schwarz + rot;Marke;Geetech;GEE-PLA-2SWRO;3;;;;;;
pla-silk-175;PLA Silk Filament 1.75mm;Material;SILK PLA;Farbe;gold + kupfer;Marke;Geetech;GEE-PLA-2GOKU;3;;;;;;
pla-silk-175;PLA Silk Filament 1.75mm;Material;SILK PLA;Farbe;gold + silber;Marke;Geetech;GEE-PLA-2GOSI;2;;;;;;
;;;;;;;;;;;;;;;
pla-silk-175;PLA Silk Filament 1.75mm;Material;SILK PLA;Farbe;rot + gelb + blau;Marke;Geetech;GEE-PLA-3ROGEBL;2;;;;;;
pla-silk-175;PLA Silk Filament 1.75mm;Material;SILK PLA;Farbe;blau + lila +  schwarz;Marke;Geetech;GEE-PLA-3BLLISW;2;;;;;;
pla-silk-175;PLA Silk Filament 1.75mm;Material;SILK PLA;Farbe;rot + gold + lila;Marke;Geetech;GEE-PLA-3ROGOLI;2;;;;;;
pla-silk-175;PLA Silk Filament 1.75mm;Material;SILK PLA;Farbe;orange + blau + grün;Marke;Geetech;GEE-PLA-3ORBLGRÜ;2;;;;;;
pla-silk-175;PLA Silk Filament 1.75mm;Material;SILK PLA;Farbe;rot + gold + schwarz;Marke;Geetech;GEE-PLA-3ROGOSW;2;;;;;;
pla-silk-175;PLA Silk Filament 1.75mm;Material;SILK PLA;Farbe;lila + gold + schwarz;Marke;Geetech;GEE-PLA-3LIGOSW;1;;;;;;
pla-silk-175;PLA Silk Filament 1.75mm;Material;SILK PLA;Farbe;rot + blau + grün;Marke;Geetech;GEE-PLA-3ROBLGRÜ;2;;;;;;
pla-silk-175;PLA Silk Filament 1.75mm;Material;SILK PLA;Farbe;gold + silber + kupfer;Marke;Geetech;GEE-PLA-3GOSIKU;2;;;;;;
;;;;;;;;;;;;;;;
pla-matt-175;PLA Matt Filament 1.75mm;Material;PLA matt;Farbe;schwarz;Marke;Geetech;GEE-PLA-MT-SW;4;;;;;;
pla-matt-175;PLA Matt Filament 1.75mm;Material;PLA matt;Farbe;weiß;Marke;Geetech;GEE-PLA-MT-WE;4;;;;;;
pla-matt-175;PLA Matt Filament 1.75mm;Material;PLA matt;Farbe;blau;Marke;Geetech;GEE-PLA-MT-BL;4;;;;;;
pla-matt-175;PLA Matt Filament 1.75mm;Material;PLA matt;Farbe;grau;Marke;Geetech;GEE-PLA-MT-GR;4;;;;;;
pla-matt-175;PLA Matt Filament 1.75mm;Material;PLA matt;Farbe;braun;Marke;Geetech;GEE-PLA-MT-BR;3;;;;;;
pla-matt-175;PLA Matt Filament 1.75mm;Material;PLA matt;Farbe;hautfarben;Marke;Geetech;GEE-PLA-MT-HAT;2;;;;;;
pla-matt-175;PLA Matt Filament 1.75mm;Material;PLA matt;Farbe;oliven grün;Marke;Geetech;GEE-PLA-MT-OGRÜ;3;;;;;;
pla-matt-175;PLA Matt Filament 1.75mm;Material;PLA matt;Farbe;stein grau;Marke;Geetech;GEE-PLA-MT-SGR;6;;;;;;
pla-matt-175;PLA Matt Filament 1.75mm;Material;PLA matt;Farbe;grün;Marke;Geetech;GEE-PLA-MT-GRÜ;4;;;;;;
pla-matt-175;PLA Matt Filament 1.75mm;Material;PLA matt;Farbe;orange;Marke;Geetech;GEE-PLA-MT-ORA;4;;;;;;
pla-matt-175;PLA Matt Filament 1.75mm;Material;PLA matt;Farbe;dunkel grau;Marke;Geetech;GEE-PLA-MT-DGR;4;;;;;;
pla-matt-175;PLA Matt Filament 1.75mm;Material;PLA matt;Farbe;hell grau;Marke;Geetech;GEE-PLA-MT-HGR;4;;;;;;
pla-matt-175;PLA Matt Filament 1.75mm;Material;PLA matt;Farbe;navy blau;Marke;Geetech;GEE-PLA-MT-NBL;0;;;;;;
;;;;;;;;;;;;;;;
;;;;;;;;;;;;;;;
pla-cf-175;PLA CF Filament 1.75mm;Material;PLA CF;Farbe;schwarz;Marke;Colido;COL-PLA-CF-SW;2;;;;;;
petg-cf-175;PETG CF Filament 1.75mm;Material;PETG CF;Farbe;schwarz;Marke;Colido;COL-PETG-CF-SW;11;;;;;;
;;;;;;;;;;;;;;;
pla-holz-175;Holz Filament 1.75mm;Material;PLA Holz;Farbe;braun;Marke;Geetech;GEE-HOLZ-BR;5;;;;;;
pla-holz-175;Holz Filament 1.75mm;Material;PLA Holz;Farbe;black walnut;Marke;Geetech;GEE-HOLZ-BW;2;;;;;;
pla-holz-175;Holz Filament 1.75mm;Material;PLA Holz;Farbe;rose;Marke;Geetech;GEE-HOLZ-RO;2;;;;;;
pla-holz-175;Holz Filament 1.75mm;Material;PLA Holz;Farbe;ebony;Marke;Geetech;GEE-HOLZ-EB;2;;;;;;
pla-holz-175;Holz Filament 1.75mm;Material;PLA Holz;Farbe;poplar;Marke;Geetech;GEE-HOLZ-PO;1;;;;;;
pla-marmor-175;Marmor Filament 1.75mm;Material;PLA Marmor;Farbe;grau;Marke;Geetech;GEE-MAR-GR;7;;;;;;
pla-marmor-175;Marmor Filament 1.75mm;Material;PLA Marmor;Farbe;blau;Marke;Geetech;GEE-MAR-BL;6;;;;;;
pla-marmor-175;Marmor Filament 1.75mm;Material;PLA Marmor;Farbe;braun;Marke;Geetech;GEE-MAR-BR;1;;;;;;
;;;;;;;;;;;;;;;
pla-glow-175;Glow-in-the-Dark Filament 1.75mm;Material;PLA Glow;Farbe;gelb;Marke;Geetech;GEE-GLOW-GE;0;;;;;;
pla-glow-175;Glow-in-the-Dark Filament 1.75mm;Material;PLA Glow;Farbe;orange;Marke;Geetech;GEE-GLOW-OR;3;;;;;;
pla-glow-175;Glow-in-the-Dark Filament 1.75mm;Material;PLA Glow;Farbe;lila;Marke;Geetech;GEE-GLOW-LI;0;;;;;;
pla-glow-175;Glow-in-the-Dark Filament 1.75mm;Material;PLA Glow;Farbe;blau;Marke;Geetech;GEE-GLOW-BL;2;;;;;;
pla-glow-175;Glow-in-the-Dark Filament 1.75mm;Material;PLA Glow;Farbe;pink/rose red;Marke;Geetech;GEE-GLOW-PI;1;;;;;;
pla-glow-175;Glow-in-the-Dark Filament 1.75mm;Material;PLA Glow;Farbe;grün;Marke;Geetech;GEE-GLOW-GR;3;;;;;;
pla-glow-175;Glow-in-the-Dark Filament 1.75mm;Material;PLA Glow;Farbe;weiß;Marke;Geetech;GEE-GLOW-WE;2;;;;;;
pla-glow-175;Glow-in-the-Dark Filament 1.75mm;Material;PLA Glow;Farbe;multicolor;Marke;Geetech;GEE-GLOW-MU;2;;;;;;
;;;;;;;;;;;;;;;
asa-175;ASA Filament 1.75mm;Material;ASA;Farbe;lila;Marke;Geetech;GEE-ASA-LI;3;;;;;;
asa-175;ASA Filament 1.75mm;Material;ASA;Farbe;orange;Marke;Geetech;GEE-ASA-OR;2;;;;;;
asa-175;ASA Filament 1.75mm;Material;ASA;Farbe;grün;Marke;Geetech;GEE-ASA-GRÜ;2;;;;;;
asa-175;ASA Filament 1.75mm;Material;ASA;Farbe;blau;Marke;Geetech;GEE-ASA-BL;2;;;;;;
asa-175;ASA Filament 1.75mm;Material;ASA;Farbe;grau;Marke;Geetech;GEE-ASA-GR;4;;;;;;
asa-175;ASA Filament 1.75mm;Material;ASA;Farbe;weiß;Marke;Geetech;GEE-ASA-WE;1;;;;;;
asa-175;ASA Filament 1.75mm;Material;ASA;Farbe;schwarz;Marke;Geetech;GEE-ASA-SW;7;;;;;;
;;;;;;;;;;;;;;;
;;;;;;;;;;739;;;;;
